Scheme Name,Official Website,Applicable States,Applicable Crops,Farmer Category,Last Updated,Document Name
Pradhan Mantri Kisan Samman Nidhi (PM-KISAN),https://pmkisan.gov.in/,All Indian states and Union Territories,All agricultural crops,Small and marginal farmer families,2026-08-08,pm_kisan_samman_nidhi.md
Pradhan Mantri Fasal Bima Yojana (PMFBY),https://pmfby.gov.in/,All Indian states and Union Territories,Food grains, oilseeds, horticulture, and other notified crops,Loanee and non-loanee farmers covered under notified crop insurance operations,2026-08-08,pradhan_mantri_fasal_bima_yojana.md
Pradhan Mantri Krishi Sinchayee Yojana (PMKSY),https://pmksy.gov.in/,All Indian states and Union Territories,All crops, especially water-sensitive crops and irrigated agriculture,Farmers, farmer groups, and implementing agencies,2026-08-08,pradhan_mantri_krishi_sinchayee_yojana.md
Soil Health Card Scheme,https://soilhealth.dac.gov.in/,All Indian states and Union Territories,All crops,Farmers across all categories who participate in soil testing,2026-08-08,soil_health_card_scheme.md
Agriculture Infrastructure Fund (AIF),https://agriinfra.dac.gov.in/,All Indian states and Union Territories,All crops with focus on post-harvest and value-chain infrastructure,Farmers, FPOs, cooperatives, startups, and agri-entrepreneurs,2026-08-08,agriculture_infrastructure_fund.md
e-NAM (National Agriculture Market),https://enam.gov.in/web/,All participating states and mandis,Agricultural commodities listed in e-NAM markets,Farmers, traders, and market participants,2026-08-08,e_nam.md
Mission for Integrated Development of Horticulture (MIDH),https://midh.gov.in/,All Indian states and Union Territories,Fruits, vegetables, flowers, spices, aromatic plants, coconut, cashew, cocoa, bamboo, and related horticulture crops,Horticulture farmers, grower groups, and producer organizations,2026-08-08,midh.md
Pradhan Mantri Annadata Aay Sanrakshan Abhiyan (PM-AASHA),https://pm-aasha.gov.in/,States and districts where the scheme components are notified,Selected crops notified under PM-AASHA,Farmers cultivating notified crops,2026-08-08,pm_aasha.md
Pradhan Mantri Kisan Urja Suraksha evam Utthaan Mahabhiyan (PM-KUSUM),https://pmkusum.mnre.gov.in/,States and UTs implementing PM-KUSUM components,All crops, especially where irrigation access is relevant,Farmers and eligible farmer-based entities,2026-08-08,pm_kusum.md
National Food Security Mission / National Food Security and Nutrition Mission (NFSM/NFSNM),https://nfsm.gov.in/,States and districts covered under the mission,Rice, wheat, pulses, coarse cereals, millets, commercial crops, and related priority crops,Farmers in notified districts and crop-specific intervention areas,2026-08-08,nfsm_nfsnm.md
Rashtriya Krishi Vikas Yojana (RKVY),https://rkvy.da.gov.in/,All Indian states and Union Territories,All crops, depending on the state project focus,Farmers benefiting through state and district-level interventions,2026-08-08,rkvy.md
National Mission for Sustainable Agriculture (NMSA),https://nmsa.dac.gov.in/,All Indian states and Union Territories, with special relevance to rainfed areas,All crops, especially rainfed and resource-constrained crops,Farmers in rainfed and sustainable agriculture intervention areas,2026-08-08,nmsa.md
Kisan Credit Card (KCC),https://www.nabard.org/,All Indian states and Union Territories,All crops,Farmers requiring crop credit and working capital,2026-08-08,kisan_credit_card.md
Pradhan Mantri Kisan Maandhan Yojana (PM-KMY),https://maandhan.in/,All Indian states and Union Territories,All crops, as the scheme targets farmer livelihood security rather than crop-specific support,Small and marginal farmers and eligible unorganized workers,2026-08-08,pm_kisan_maandhan_yojana.md
Sub-Mission on Agricultural Mechanization (SMAM),https://agrimachinery.nic.in/,All Indian states and Union Territories,All crops,Farmers and farmer groups seeking mechanization support,2026-08-08,sub_mission_on_agricultural_mechanization.md
National Bamboo Mission (NBM),https://www.nbm.nic.in/,States and districts with bamboo cultivation and related activities,Bamboo,Farmers, groups, and entrepreneurs involved in bamboo cultivation and processing,2026-08-08,national_bamboo_mission.md
Mission Organic Value Chain Development for North East Region (MOVCD-NER),https://movcdner.gov.in/,North Eastern states and eligible regions,Organic crops and produce relevant to the North Eastern Region,Farmers and producer groups in the North East engaged in organic agriculture,2026-08-08,mission_organic_value_chain_development_for_north_east_region.md
National Mission on Natural Farming (NMNF),https://soilhealth.dac.gov.in/National_Mission_on_Natural_Farming,Participating states and regions implementing natural farming programmes,All crops, with emphasis on chemical-free and sustainable cultivation,Farmers interested in natural farming,2026-08-08,national_mission_on_natural_farming.md
National Mission on Edible Oils – Oil Palm (NMEO-OP),https://oilpalm.dac.gov.in/,States and districts where oil palm cultivation is promoted,Oil palm,Farmers and growers in eligible oil palm areas,2026-08-08,national_mission_on_edible_oils_oil_palm.md
Pradhan Mantri Formalisation of Micro Food Processing Enterprises (PMFME),https://pmfme.mofpi.gov.in/,All Indian states and Union Territories,Food crops and commodities relevant to micro food processing enterprises,Farmers, producer groups, and micro food processing entrepreneurs,2026-08-08,pmfme.md
